TimResponKey,Petugas,Jabatan,Unit
1,Tina Pope,Koordinator,PUSDATIN
2,Cory Juarez MD,Staff,PUSDATIN
3,Jamie Ortega,Supervisor,PUSDATIN
4,Kenneth Smith MD,Koordinator,Network Security
5,Roger Coleman,Koordinator,Network Security
6,David Ross,Koordinator,Incident Response
7,Lori Reynolds,Staff,Network Security
8,Miss Alexis Terrell,Staff,Network Security
9,Nicholas Roman,Staff,Incident Response
10,Alexandra Pennington,Koordinator,Incident Response
11,Stephanie Hayes,Supervisor,Incident Response
12,Ellen Hickman,Koordinator,Incident Response
13,Tammy Cunningham,Supervisor,Incident Response
14,Jenna Chambers,Koordinator,Incident Response
15,Douglas Kelly,Koordinator,Network Security
16,Don Murray,Koordinator,Network Security
17,Michelle Beard,Staff,Network Security
18,Jeremy Li,Supervisor,Network Security
19,Reginald Baxter,Staff,Incident Response
20,Christine Brown,Koordinator,Incident Response
